client_id,product_id,price_paid,purchase_date
5,GLS-0054I,19785,1740135310
1,GLS-0071H,19636,1749293710
3,GLS-0004E,10446,1740048910
10,GLS-0005X,14561,1703501710
1,GLS-0045B,27369,1755255310
1,GLS-0026E,26826,1722682510
9,GLS-0078X,14214,1705402510
5,GLS-0087P,23595,1703674510
3,GLS-0026E,24084,1761303310
7,GLS-0070T,24084,1747306510
4,GLS-0036F,25147,1749725710
5,GLS-0055V,2001,1735383310
4,GLS-0042B,2001,1707735310
7,GLS-0054I,16901,1730285710
7,GLS-0016H,16901,1723460110
9,GLS-0069F,21773,1702551310
4,GLS-0059K,21773,1748256910
1,GLS-0062R,15481,1721040910
3,GLS-0092K,15481,1711796110
6,GLS-0033A,16895,1743159310
4,GLS-0070T,16895,1702896910
7,GLS-0069F,19301,1727002510
4,GLS-0040T,1069,1756724110
3,GLS-0027K,13308,1757328910
1,GLS-0027K,1359,1730199310
3,GLS-0063K,13068,1724583310
1,GLS-0027K,17028,1707216910
10,GLS-0078X,17028,1700564110
7,GLS-0075F,20196,1749293710
5,GLS-0033A,22632,1703156110
7,GLS-0045B,16958,1711796110
3,GLS-0045B,22381,1758538510
5,GLS-0098G,26239,1743677710
5,GLS-0026E,26239,1703242510
5,GLS-0070T,27789,1713696910
5,GLS-0015B,13639,1727348110
6,GLS-0013D,11719,1704884110
4,GLS-0032R,26745,1706007310
4,GLS-0054I,12231,1760180110
6,GLS-0006O,14217,1711968910
2,GLS-0039D,21451,1711623310
9,GLS-0055V,2400,1753527310
1,GLS-0061D,10855,1732532110
6,GLS-0070T,10855,1750676110
4,GLS-0010X,28874,1746528910
1,GLS-0068F,28874,1759661710
1,GLS-0024T,28874,1741604110
3,GLS-0001J,28874,1752576910
9,GLS-0040T,24558,1748688910
5,GLS-0074I,24558,1748429710
10,GLS-0069F,19683,1726570510
8,GLS-0010X,18551,1748256910
6,GLS-0002J,18551,1728730510
5,GLS-0014X,18551,1737024910
7,GLS-0062R,23716,1753095310
1,GLS-0010X,12417,1707821710
7,GLS-0099W,25547,1709549710
2,GLS-0065Q,25547,1703415310
2,GLS-0097K,16633,1714215310
10,GLS-0089Z,16633,1740567310
9,GLS-0013D,10463,1718016910
10,GLS-0088L,10463,1737716110
2,GLS-0092K,10463,1758192910
3,GLS-0015B,24903,1725188110
1,GLS-0079I,25397,1732532110
11,GLS-0079I,25397,1732532110
9,GLS-0001J,13489,1713264910
2,GLS-0065Q,13489,1742554510
3,GLS-0010X,22139,1750157710
6,GLS-0054I,29091,1741344910
10,GLS-0011W,29091,1699181710
9,GLS-0023D,15633,1698922510
1,GLS-0022O,23722,1726484110
4,GLS-0073V,28402,1758797710
13,GLS-0073V,28402,1758797710
2,GLS-0073V,28402,1705229710
6,GLS-0057W,23444,1726656910
10,GLS-0064T,21963,1709895310
12,GLS-0064T,21963,1709895310
1,GLS-0028B,21963,1730976910
8,GLS-0082M,11911,1744887310
4,GLS-0088L,30134,1730544910
10,GLS-0057W,1311,1732532110
2,GLS-0051N,1311,1718189710
10,GLS-0040T,17408,1740912910
7,GLS-0073V,17408,1709290510
7,GLS-0081L,17408,1729940110
3,GLS-0077U,25767,1711882510
2,GLS-0007I,2669,1756378510
10,GLS-0007I,2669,1756378510
7,GLS-0031H,2669,1718880910
5,GLS-0014X,1743,1730458510
1,GLS-0023D,1743,1712746510
9,GLS-0084R,27842,1722164110
2,GLS-0006O,18603,1700132110
6,GLS-0038X,26507,1734778510
10,GLS-0063K,26507,1735988110
1,GLS-0021G,26219,1732100110
10,GLS-0060D,20232,1757933710
9,GLS-0013D,18634,1713437710
13,GLS-0013D,18634,1713437710
4,GLS-0046T,18634,1736420110
7,GLS-0042B,29161,1750416910
7,GLS-0054I,28821,1716029710
14,GLS-0054I,28821,1716029710
10,GLS-0063K,28821,1700045710
11,SRV-0001A,18450,1739123401
12,CON-0002B,20990,1738457722
13,CLS-0003C,15780,1737654410
14,SRV-0004D,19820,1737021188
11,CON-0001A,22110,1736890044
12,CLS-0002B,17640,1736553319
13,SRV-0003C,19275,1736215503
14,CON-0004D,20590,1735881120
11,CLS-0001A,14995,1735567899
12,SRV-0002B,18760,1735234402
13,CON-0003C,21440,1734897721
14,CLS-0004D,16830,1734561180
11,SRV-0003C,19950,1734225508
12,CON-0001A,15420,1733890041
13,CLS-0002B,18310,1733553307
14,SRV-0004D,21280,1733221183
11,CON-0003C,17490,1732887729
12,CLS-0004D,19570,1732551104
13,SRV-0001A,20340,1732215502
14,CON-0002B,16220,1731880049
1,CLS-0005E,3299,1740211200
2,CON-0005E,1149,1740214800
3,SRV-0005E,8999,1740218400
4,CLS-0006F,2750,1740222000
5,CON-0006F,1499,1740225600
6,SRV-0006F,4999,1740229200
7,CLS-0007G,5499,1740232800
8,CON-0007G,999,1740236400
9,SRV-0007G,3999,1740240000
10,CLS-0008H,2999,1740243600
11,CON-0008H,849,1740247200
12,SRV-0008H,5999,1740250800
13,CLS-0009I,6199,1740254400
14,CON-0009I,1299,1740258000
1,SRV-0009I,2499,1740261600
2,CLS-0010J,2699,1740265200
3,CON-0010J,1099,1740268800
4,SRV-0010J,2999,1740272400
5,CLS-0011K,3350,1740276000
6,CON-0011K,1349,1740279600
7,SRV-0011K,6499,1740283200
8,CLS-0012L,4799,1740286800
9,CON-0012L,949,1740290400
10,SRV-0012L,12999,1740294000
11,CLS-0013M,2899,1740297600
12,CON-0013M,1699,1740301200
13,SRV-0013M,7499,1740304800
14,CLS-0014N,3599,1740308400
1,CON-0014N,799,1740312000
2,SRV-0014N,8499,1740315600
3,CLS-0015O,5899,1740319200
4,CON-0015O,1549,1740322800
5,SRV-0015O,6999,1740326400
6,CLS-0016P,3199,1740330000
7,CON-0016P,899,1740333600
8,SRV-0016P,1999,1740337200
9,CLS-0017Q,6699,1740340800
10,CON-0017Q,1249,1740344400
11,SRV-0017Q,3499,1740348000
12,CLS-0018R,4599,1740351600
13,CON-0018R,699,1740355200
14,SRV-0018R,14999,1740358800

